{"epoch": 0, "loss": 2.315218925476074, "percent_complete": 6.3965884861407245, "_timestamp": 1709220716.7182171, "_runtime": 13.847040176391602, "_step": 6, "_wandb": {"runtime": 10}}