{"epoch": 0, "loss": 2.337735414505005, "percent_complete": 99.14712153518124, "_timestamp": 1709218154.8561196, "_runtime": 72.96336269378662, "_step": 93, "_wandb": {"runtime": 77}}