{"epoch": 0, "loss": 2.327482223510742, "percent_complete": 78.89125799573561, "_timestamp": 1709217847.235512, "_runtime": 57.59001803398132, "_step": 74, "_wandb": {"runtime": 57}}