{"epoch": 0, "loss": 2.3556559085845947, "percent_complete": 19.189765458422176, "_timestamp": 1709218880.7670517, "_runtime": 10.465635776519775, "_step": 18, "_wandb": {"runtime": 9}}